<?xml version="1.0" encoding="UTF-8"?>

<beans xmlns="http://www.springframework.org/schema/beans"
	xmlns:xsi="http://www.w3.org/2001/XMLSchema-instance"
	xmlns:context="http://www.springframework.org/schema/context"
	xmlns:p="http://www.springframework.org/schema/p"
	xsi:schemaLocation="
	http://www.springframework.org/schema/beans
	http://www.springframework.org/schema/beans/spring-beans.xsd 
	http://www.springframework.org/schema/context
	http://www.springframework.org/schema/context/spring-context.xsd">

	<context:component-scan base-package="sync.works"/>

	<bean class="org.springframework.web.servlet.view.InternalResourceViewResolver"
		name="viewResolver">
		<property name="prefix" value="/WEB-INF/views/" />
		<property name="suffix" value=".jsp" />
	</bean>
	
	<!-- /WEB-INF/views/home.jsp -->
	
	<bean class="org.springframework.jdbc.datasource.DriverManagerDataSource" name="ds">
		<property name="driverClassName" value="com.mysql.cj.jdbc.Driver"/>
		<property name="url" value="jdbc:mysql://localhost:3306/sync_works"/>
		<property name="username" value="root"/>
		<property name="password" value="1234"/>
	</bean>
	
	<bean class="org.springframework.jdbc.core.JdbcTemplate" name="jT">
		<property name="dataSource" ref="ds"/>
	</bean>
	
	
	<bean class="sync.works.repository.UserDaoImpl" name="userDao">
		<property name="jdbcTemplate" ref="jT"/>
	</bean>
	
	<bean class="sync.works.repository.AdminDaoImpl" name="adminDao">
		<property name="jdbcTemplate" ref="jT"/>
	</bean>

	<bean class="sync.works.repository.ManagerDaoImpl" name="managerDao">
		<property name="jdbcTemplate" ref="jT"/>
	</bean>
	
	<bean class="sync.works.repository.EmployeeDaoImpl" name="employeeDao">
		<property name="jdbcTemplate" ref="jT"/>
	</bean>
</beans>
	
